1,1,Benjamin,0.39146187031149904
2,1,Olivia,0.5857466550565665
3,1,Olivia,0.24407821240930438
4,1,James,0.8068879266224309
5,1,Liam,0.9231931922481151
6,1,Mia,0.9776822845129408
7,1,Henry,0.08842630593701883
8,1,Mia,0.7591155912137338
9,1,William,0.25189928125283945
10,1,Oliver,0.05791682609915527
11,1,Olivia,0.1441443084925329
12,1,Evelyn,0.9791892888568527
13,1,Ava,0.6641377882725927
14,1,Harper,0.2787889171488219
15,1,Noah,0.7182075366418559
16,1,Ava,0.023767341354251847
17,1,Mia,0.41129859525032253
18,1,Emma,0.37488869822171533
19,1,Liam,0.8968435631978524
20,1,Benjamin,0.5885994253580904
21,1,William,0.20241981069646142
22,1,Mia,0.3417048583537129
23,1,Olivia,0.2785215471981791
24,1,Olivia,0.6634982340983939
25,1,Mia,0.04500766085539354
26,1,Isabella,0.7663237155385981
27,1,Olivia,0.9592609390430786
28,1,Oliver,0.7796796701710537
29,1,Mia,0.43858144140692756
30,1,Emma,0.6044237357790201
31,1,Olivia,0.8061931612506769
32,1,Evelyn,0.6971704759974621
33,1,Liam,0.09160172711800019
34,1,James,0.2921721089391981
35,1,Sophia,0.011558299958753238
36,1,Liam,0.5452383955577595
37,1,Noah,0.0966889478845564
38,1,William,0.5575773753438715
39,1,Amelia,0.39814591894462126
40,1,Amelia,0.6979317079539222
41,1,Olivia,0.6762158869333765
42,1,Elijah,0.3884980003370573
43,1,Emma,0.0695475937764155
44,1,Evelyn,0.6107281274177973
45,1,Henry,0.7150641921935221
46,1,Charlotte,0.7278522414602062
47,1,Amelia,0.9216892200155475
48,1,Henry,0.6026702828016115
49,1,Mia,0.40686383329407994
50,1,Henry,0.9614821810456785
51,1,Olivia,0.32655677326268284
52,1,William,0.8804260615463348
53,1,Isabella,0.15097929015091904
54,1,Charlotte,0.49456356725283834
55,1,James,0.12525857492589054
56,1,Evelyn,0.2591286693056172
57,1,Emma,0.08725427328191371
58,1,James,0.16757512478606884
59,1,Elijah,0.7232345978902588
60,1,Ava,0.4283317362087724
61,1,Evelyn,0.653607375009475
62,1,Liam,0.5972969358359078
63,1,Charlotte,0.4783066531633301
64,1,Emma,0.19769109455625522
65,1,William,0.11391843278824698
66,1,Evelyn,0.8782902248103743
67,1,William,0.6035495435408252
68,1,Sophia,0.9180425087789661
69,1,Theodore,0.46056177227992545
70,1,Benjamin,0.846384953801744
71,1,Liam,0.12040384791657899
72,1,Evelyn,0.6055725500643641
73,1,Evelyn,0.96445993785906
74,1,Henry,0.21423958675615495
75,1,Noah,0.6408932022232207
76,1,Charlotte,0.5092685528700626
77,1,Emma,0.553459307889423
78,1,Elijah,0.5901638376860682
79,1,Oliver,0.7833582772924231
80,1,Charlotte,0.5090262678837533
81,1,Isabella,0.727250083077697
82,1,Charlotte,0.3738495325275826
83,1,Ava,0.1984292059475905
84,1,Sophia,0.40140493674253785
85,1,Ava,0.4275543482820652
86,1,Benjamin,0.8870336442404694
87,1,Emma,0.6004709040165291
88,1,Benjamin,0.7178645450258077
89,1,Henry,0.04903553506246161
90,1,Sophia,0.85277905178834
91,1,William,0.6918888804930458
92,1,Henry,0.8416434753339133
93,1,Henry,0.31825926817410866
94,1,Charlotte,0.7906323127241706
95,1,Henry,0.4049012620054543
96,1,Oliver,0.46563396401804347
97,1,Isabella,0.4585593176012752
98,1,Sophia,0.9244251084408417
99,1,Lucas,0.561614138799402
100,1,Theodore,0.18629021993289108
101,1,Theodore,0.8171405105819322
102,1,Henry,0.12385074256010531
103,1,Benjamin,0.6858723598921022
104,1,Benjamin,0.21301410116153818
105,1,Theodore,0.5099535004567854
106,1,William,0.474533958847285
107,1,Benjamin,0.3663191978008198
108,1,Benjamin,0.6513582256016318
109,1,Mia,0.6256652975841284
110,1,James,0.07944032974862247
111,1,Mia,0.9447145846920447
112,1,Sophia,0.9074269763104486
113,1,Charlotte,0.15329834821059585
114,1,James,0.8751599502419853
115,1,Olivia,0.7159257570291389
116,1,Olivia,0.17605577177023934
117,1,Mia,0.21092488487282612
118,1,Mia,0.49177677078500615
119,1,Liam,0.7906620588717826
120,1,Lucas,0.14485416721377953
121,1,Amelia,0.057620242089858054
122,1,Oliver,0.5782965860546826
123,1,William,0.10390640868392487
124,1,Mia,0.8864987462641258
125,1,James,0.051434188954573634
126,1,Isabella,0.46827779044309836
127,1,Mia,0.21730564131832175
128,1,Elijah,0.7607199842122451
129,1,Benjamin,0.9485423998249416
130,1,Harper,0.5498434235274102
131,1,Lucas,0.4532443812076514
132,1,Ava,0.9944331711227198
133,1,Evelyn,0.8837188112772322
134,1,Amelia,0.3311632495386595
135,1,Amelia,0.6293576596655772
136,1,Ava,0.10988282065379507
137,1,Mia,0.9063208490183733
138,1,Isabella,0.9397718829905488
139,1,Theodore,0.9636702960536864
140,1,Emma,0.719437349776865
141,1,Theodore,0.4975637615719828
142,1,Elijah,0.865181648420918
143,1,Benjamin,0.0877537161312214
144,1,Henry,0.8725297299575198
145,1,Henry,0.17682981335982217
146,1,Sophia,0.13834477476328788
147,1,Noah,0.9335910004100078
148,1,Liam,0.36678052912221926
149,1,Noah,0.4176904247152997
150,1,Elijah,0.22610244281450376
151,1,James,0.5658541730697914
152,1,Sophia,0.7524024079970342
153,1,Ava,0.19916228531180913
154,1,Benjamin,0.06632261073566825
155,1,Oliver,0.2038084309308813
156,1,Liam,0.4497759540655174
157,1,Ava,0.8149014976718465
158,1,James,0.5348769031202164
159,1,Charlotte,0.20817084351732462
160,1,Olivia,0.41221123074764765
161,1,Oliver,0.024729675743092705
162,1,Ava,0.14026770727667337
163,1,Theodore,0.8183878576018693
164,1,Theodore,0.18951283733443236
165,1,Harper,0.6088801286650104
166,1,Sophia,0.14043077471936183
167,1,Mia,0.34580765596203145
168,1,Olivia,0.02534991216270177
169,1,Oliver,0.35171778722652136
170,1,Isabella,0.5435890096993773
171,1,Amelia,0.14510367623317544
172,1,Harper,0.07841867437018091
173,1,Ava,0.06844244392322063
174,1,Emma,0.4021173818666244
175,1,Amelia,0.6042559744856298
176,1,Theodore,0.7678383493298667
177,1,Lucas,0.92861564796433
178,1,Olivia,0.3826623399863466
179,1,Amelia,0.3760421844590618
180,1,Evelyn,0.739183838620553
181,1,Elijah,0.7752456716740139
182,1,Ava,0.2650430255525862
183,1,Charlotte,0.6893735665482548
184,1,Evelyn,0.27331353825470317
185,1,Charlotte,0.1661589097366959
186,1,James,0.028145850303206044
187,1,Oliver,0.8372061388111613
188,1,Isabella,0.6927068421400829
189,1,Amelia,0.8599970246929678
190,1,Theodore,0.8074098130933919
191,1,Isabella,0.8244474546430262
192,1,Elijah,0.733642021603081
193,1,Isabella,0.5301747715400671
194,1,Noah,0.2085192900240046
195,1,Benjamin,0.5185934478927169
196,1,Charlotte,0.040995109543152
197,1,Theodore,0.6058075465002329
198,1,Henry,0.7880080111065161
199,1,Theodore,0.14069096642576162
200,1,Benjamin,0.25408113050762393
201,1,Lucas,0.5216028659207478
202,1,Elijah,0.13396888527802098
203,1,Olivia,0.8594750478776307
204,1,Mia,0.9318806235802823
205,1,Evelyn,0.7799897605620563
206,1,Isabella,0.8081020935518616
207,1,Mia,0.8923849311515464
208,1,Oliver,0.6616661185925581
209,1,Charlotte,0.8348147433844308
210,1,Oliver,0.752297136754585
211,1,Charlotte,0.6995159894322381
212,1,James,0.9363251392964639
213,1,James,0.4868160686675088
214,1,Charlotte,0.44068730759164365
215,1,Evelyn,0.3881876324193664
216,1,Lucas,0.20922869095148888
217,1,Henry,0.007854182276652799
218,1,Henry,0.16600265564312955
219,1,Liam,0.6769403601544188
220,1,Harper,0.8054193478288806
221,1,Charlotte,0.6511785293322435
222,1,Mia,0.8493504606397495
223,1,Noah,0.9940767290798808
224,1,Evelyn,0.6223840919122252
225,1,Noah,0.6742444375110528
226,1,Noah,0.9895756905875714
227,1,Theodore,0.7709027455925717
228,1,Oliver,0.34311389642461854
229,1,Oliver,0.4647537973638577
230,1,Elijah,0.0809431913178843
231,1,Sophia,0.7059978937413314
232,1,Noah,0.10976121185163568
233,1,Isabella,0.2178966717559936
234,1,Harper,0.5151116720728351
235,1,Liam,0.7693143654310082
236,1,Amelia,0.6649238728646645
237,1,Harper,0.5454884224972875
238,1,Theodore,0.12329397965956845
239,1,Ava,0.5022252233995899
240,1,Elijah,0.9549371229945876
241,1,Elijah,0.12823391014916963
242,1,Elijah,0.4160945591434808
243,1,Theodore,0.9086179888065807
244,1,Benjamin,0.504001222300884
245,1,William,0.689222146150036
246,1,Elijah,0.25049396088880604
247,1,Charlotte,0.10177113046929132
248,1,Theodore,0.22590125702271258
249,1,Sophia,0.971841963547881
250,1,Evelyn,0.5899379698339702
251,1,Henry,0.8396743887225746
252,1,Sophia,0.1846566672739628
253,1,Henry,0.1438430034029684
254,1,Sophia,0.3051141048748135
255,1,Ava,0.32609141474334147
256,1,Amelia,0.9710944809076538
257,1,Henry,0.4180722937699951
258,1,Theodore,0.638160091660239
259,1,Olivia,0.486262778176346
260,1,Benjamin,0.4033223010870244
261,1,Olivia,0.2037357249052697
262,1,Benjamin,0.6550728557478475
263,1,Elijah,0.5726176333100721
264,1,William,0.016162787632860165
265,1,Emma,0.17852888954964874
266,1,Charlotte,0.7784963717371315
267,1,Olivia,0.8130568756826722
268,1,James,0.40009872907190325
269,1,Liam,0.5494890313330382
270,1,Lucas,0.6343576103230736
271,1,Elijah,0.15648408137691117
272,1,Mia,0.002175096217954531
273,1,Mia,0.9460690937540214
274,1,Charlotte,0.2682775278471534
275,1,Ava,0.32668628242401176
276,1,Harper,0.3313000664774287
277,1,Charlotte,0.16130534280789177
278,1,Elijah,0.40758724087238896
279,1,Isabella,0.534190330621973
280,1,Henry,0.9001463383021399
281,1,Olivia,0.4278050630107759
282,1,Sophia,0.3056674665138107
283,1,Benjamin,0.29109353333695664
284,1,Noah,0.4729726721005678
285,1,William,0.8693141816809953
286,1,Noah,0.4499397049198255
287,1,Amelia,0.72039090461852
288,1,Oliver,0.5839935135132256
289,1,Theodore,0.7245148194664983
290,1,Noah,0.422116448810798
291,1,Henry,0.7356266130180374
292,1,Evelyn,0.1081627213746782
293,1,Liam,0.4093997060044079
294,1,Elijah,0.4288797659585317
295,1,Liam,0.17530322534282783
296,1,Oliver,0.4700615059790888
297,1,Ava,0.1803073910039964
298,1,Olivia,0.9963552566742548
299,1,Isabella,0.7550497035075723
300,1,Isabella,0.4312602647746726
301,1,Mia,0.09875638506749207
302,1,Mia,0.8778627934366959
303,1,Emma,0.6234516663759344
304,1,Harper,0.9554931208916754
305,1,Isabella,0.748340785188315
306,1,James,0.0043151014640748775
307,1,Oliver,0.6192834703742258
308,1,Theodore,0.7247411849459509
309,1,Noah,0.09289604921795913
310,1,Lucas,0.7929726160217244
311,1,Oliver,0.8493250701952438
312,1,Lucas,0.9669205515349096
313,1,Sophia,0.8800712962950412
314,1,Harper,0.8013462425024728
315,1,Ava,0.7763444712077002
316,1,Liam,0.4693855589240956
317,1,Olivia,0.5369188571039811
318,1,Theodore,0.4901901174752942
319,1,William,0.8992009646272467
320,1,James,0.24003323644064511
321,1,Lucas,0.39976616115962993
322,1,James,0.5487410219032272
323,1,Amelia,0.03287251539500724
324,1,Evelyn,0.7003457268888732
325,1,Isabella,0.37551384101622953
326,1,Henry,0.830024713523182
327,1,Liam,0.8525969123557067
328,1,Henry,0.6792104843666131
329,1,Oliver,0.44714084514541697
330,1,Ava,0.7038797313034767
331,1,William,0.9711930077751558
332,1,Noah,0.8189608849653486
333,1,Olivia,0.864333764315283
334,1,Liam,0.6794375433648269
335,1,James,0.9870750102070304
336,1,Isabella,0.9889762831411847
337,1,Evelyn,0.6496239577476146
338,1,Liam,0.5832475687988471
339,1,Olivia,0.6010753127114782
340,1,Elijah,0.8293299466659135
341,1,Amelia,0.8074313201841657
342,1,Oliver,0.6234867951028409
343,1,Emma,0.8101707092136161
344,1,Emma,0.05972556295753506
345,1,Henry,0.8446085734182616
346,1,James,0.10961678751580539
347,1,Noah,0.44041765158206525
348,1,Evelyn,0.9722393364422892
349,1,Benjamin,0.33308139656124136
350,1,Amelia,0.0786477447882149
351,1,Amelia,0.8094544711231522
352,1,Amelia,0.7038055671109947
353,1,Amelia,0.24497017520395292
354,1,James,0.08721964433216678
355,1,Noah,0.546334902680611
356,1,Olivia,0.3154189331980217
357,1,Sophia,0.1968336597828375
358,1,Mia,0.5733114950959016
359,1,Benjamin,0.08291230310390019
360,1,Benjamin,0.948829938274965
361,1,Emma,0.8327689540841671
362,1,Olivia,0.11742960623999932
363,1,Charlotte,0.9554359263498793
364,1,Mia,0.22413633995883142
365,1,Amelia,0.7684603526712901
366,1,Lucas,0.055673771915359827
367,1,Mia,0.49762401575407955
368,1,Charlotte,0.7172137951354892
369,1,Liam,0.4566379665053052
370,1,James,0.16630796936800085
371,1,Ava,0.8331396819297311
372,1,Amelia,0.6149332960501068
373,1,Theodore,0.710701864913098
374,1,Charlotte,0.7145577882470426
375,1,Liam,0.5244980040653485
376,1,Mia,0.8104771609791355
377,1,Benjamin,0.48513754249265384
378,1,William,0.17212266894959471
379,1,Olivia,0.02125655779052893
380,1,Elijah,0.29393673305484513
381,1,Henry,0.49233728882314187
382,1,Mia,0.8021391247772547
383,1,William,0.5240362511942124
384,1,Oliver,0.5219074150537981
385,1,Charlotte,0.5335575521297969
386,1,Isabella,0.6045446394822863
387,1,Sophia,0.015916256172059717
388,1,Evelyn,0.13020755533434447
389,1,Noah,0.7381795684586625
390,1,Olivia,0.8089503000114463
391,1,Mia,0.9952182856828647
392,1,Lucas,0.30899133885012997
393,1,Theodore,0.9012738893693218
394,1,Lucas,0.735437057395198
395,1,Ava,0.2795196300580811
396,1,Olivia,0.969700440569823
397,1,Noah,0.27306625477098023
398,1,Evelyn,0.007962964118810811
399,1,Elijah,0.30383737387156673
400,1,Emma,0.783728010113041
401,1,Theodore,0.0011733227416099723
402,1,Oliver,0.6892271019913212
403,1,Ava,0.4878253449780183
404,1,Sophia,0.9750846410220554
405,1,Isabella,0.7343217672257061
406,1,Emma,0.4592799218792638
407,1,Charlotte,0.28154611991144973
408,1,Isabella,0.37307186653856683
409,1,Amelia,0.5391842783614386
410,1,Oliver,0.5593376169471749
411,1,Isabella,0.5989001502701337
412,1,Evelyn,0.908278407941799
413,1,Emma,0.8406704255470498
414,1,Noah,0.6474218668011112
415,1,Oliver,0.7117076048349059
416,1,Olivia,0.1386848645386728
417,1,Lucas,0.13893736690276826
418,1,Noah,0.7144943372759893
419,1,Ava,0.8517684841461578
420,1,Benjamin,0.591369228418101
421,1,William,0.13381176266073536
422,1,Olivia,0.655060919088278
423,1,William,0.533351942087037
424,1,Mia,0.09350767730460818
425,1,Mia,0.3697689519602322
426,1,Charlotte,0.26247626645445277
427,1,Lucas,0.46682575620681666
428,1,Elijah,0.668382133381934
429,1,Ava,0.21966755306754138
430,1,Noah,0.87473849235585
431,1,Lucas,0.5365808603999873
432,1,James,0.8369601680426524
433,1,William,0.3855022172005964
434,1,William,0.5641959268842686
435,1,Mia,0.14853055637404622
436,1,Noah,0.37631759057952274
437,1,Isabella,0.9575394379972388
438,1,William,0.7518401846753259
439,1,Theodore,0.44577839435037847
440,1,Lucas,0.026047169721341468
441,1,Sophia,0.26992742275067505
442,1,Ava,0.687397643079681
443,1,Evelyn,0.8634132910112363
444,1,Ava,0.256722374887294
445,1,Sophia,0.27476792316248577
446,1,James,0.7957372285233393
447,1,Amelia,0.1071032087507865
448,1,Emma,0.30974779950877274
449,1,Noah,0.24471734335138484
450,1,Elijah,0.941657982500261
451,1,Isabella,0.0571590643665536
452,1,Noah,0.12013774897122431
453,1,Charlotte,0.36926352498590653
454,1,Amelia,0.04790599278799201
455,1,Olivia,0.6164262175363877
456,1,Noah,0.3335197320344495
457,1,Isabella,0.5463766609388471
458,1,Sophia,0.1865190385869132
459,1,Evelyn,0.7827722533684096
460,1,Amelia,0.34390928507049445
461,1,Mia,0.10361442232716311
462,1,Evelyn,0.35677803398535646
463,1,Lucas,0.21683058278976652
464,1,James,0.49286550776804494
465,1,Oliver,0.24721319072137182
466,1,Elijah,0.733915946681776
467,1,Evelyn,0.9217355772221155
468,1,William,0.1844323129995431
469,1,Harper,0.8296280862471314
470,1,Henry,0.8511692861269462
471,1,Ava,0.785263331672935
472,1,Mia,0.7900914560476705
473,1,Ava,0.19721389641900688
474,1,Emma,0.8915707736076474
475,1,James,0.4647776753797246
476,1,Sophia,0.8168994256242567
477,1,Ava,0.27477669614417277
478,1,Liam,0.26705263528835754
479,1,Oliver,0.7634481538033648
480,1,Ava,0.9397170665286113
481,1,Mia,0.7561055315834372
482,1,Charlotte,0.15436371952545902
483,1,Emma,0.2576256474289286
484,1,William,0.2275278717411946
485,1,Evelyn,0.3404516371854691
486,1,Charlotte,0.06502711389274707
487,1,Theodore,0.7621954922756079
488,1,Charlotte,0.607965046036326
489,1,Benjamin,0.27562749222030236
490,1,Sophia,0.5773292376029322
491,1,Isabella,0.08649778540667952
492,1,James,0.6214150577530763
493,1,Emma,0.4701636957769795
494,1,Elijah,0.04510603139542857
495,1,Benjamin,0.05689386293026444
496,1,Elijah,0.17047528074660012
497,1,Liam,0.2979952908801843
498,1,Elijah,0.9106257613824251
499,1,Elijah,0.83054666904254
500,1,Sophia,0.055352931350096
501,1,Evelyn,0.03575582056591542
502,1,Ava,0.17056460886573754
503,1,Amelia,0.2950231423395334
504,1,Lucas,0.4671310328098969
505,1,Evelyn,0.46125359062114646
506,1,Liam,0.3250903754233109
507,1,Henry,0.5494174252243839
508,1,James,0.7241355529516013
509,1,Charlotte,0.858214157327675
510,1,Benjamin,0.5670027207750946
511,1,Ava,0.8531501978973718
512,1,Henry,0.6023732553978168
513,1,Elijah,0.3016211495455995
514,1,Oliver,0.5506975879717227
515,1,Isabella,0.9248115523832408
516,1,William,0.5753909338072979
517,1,Henry,0.7207142557512133
518,1,Lucas,0.8226536628705506
519,1,James,0.06350010842532494
520,1,Olivia,0.7515042931629234
521,1,William,0.7175524087535342
522,1,Sophia,0.9318267124722923
523,1,Elijah,0.7702982542561553
524,1,Charlotte,0.23967727410922057
525,1,William,0.1003671951204298
526,1,Evelyn,0.7504365483061216
527,1,Emma,0.2217860838876684
528,1,Olivia,0.16513623858569237
529,1,Emma,0.2439564694603492
530,1,Evelyn,0.08626910439944913
531,1,Charlotte,0.9268086867280712
532,1,Elijah,0.16504939544850206
533,1,Benjamin,0.026786440294849223
534,1,Henry,0.09650698017231485
535,1,Olivia,0.023666450689231344
536,1,Henry,0.4941721785570409
537,1,Oliver,0.06941086191141543
538,1,Liam,0.7075121929168565
539,1,Harper,0.24625531647489107
540,1,Charlotte,0.39240443303124495
541,1,Sophia,0.3449312477650244
542,1,Elijah,0.9813299571368211
543,1,Henry,0.7782310048802968
544,1,Liam,0.005667186937175828
545,1,Elijah,0.010341881066835978
546,1,Benjamin,0.08996522410478158
547,1,Lucas,0.6459332252084568
548,1,James,0.7256689062476203
549,1,Amelia,0.6304975649931512
550,1,Amelia,0.9041105492525439
551,1,Lucas,0.3252695231779402
552,1,Henry,0.8240789132992721
553,1,Oliver,0.9920492574894539
554,1,Ava,0.2600019686797802
555,1,Sophia,0.4562285527250912
556,1,Oliver,0.49151669940261045
557,1,Emma,0.6795493636286754
558,1,Liam,0.6231125623903838
559,1,Noah,0.41368193369034634
560,1,Benjamin,0.6220315311820294
561,1,Emma,0.9580072439080017
562,1,Elijah,0.4703526091244695
563,1,James,0.021201078774064408
564,1,Henry,0.5468728424371402
565,1,Noah,0.7708534295703199
566,1,Noah,0.5643531442094177
567,1,Olivia,0.7201793824083105
568,1,Lucas,0.2197601797115607
569,1,Evelyn,0.6226046295658044
570,1,Henry,0.9951366242498133
571,1,Sophia,0.6578564054567146
572,1,Oliver,0.24974617904464147
573,1,Olivia,0.7316393668784826
574,1,Charlotte,0.32602554561325725
575,1,Evelyn,0.041367054748299825
576,1,James,0.5565627349039637
577,1,Henry,0.24331890220916408
578,1,Lucas,0.698842177937117
579,1,Noah,0.18836559264172148
580,1,William,0.9357318666873079
581,1,Elijah,0.8756217599465465
582,1,Evelyn,0.7423187397911711
583,1,Evelyn,0.928894984618246
584,1,Lucas,0.25761093315344363
585,1,Elijah,0.16009697616881424
586,1,Oliver,0.8699390536605013
587,1,Benjamin,0.5159724999150048
588,1,Sophia,0.44848766364000137
589,1,Elijah,0.8153783670898326
590,1,Amelia,0.6449385396455624
591,1,Olivia,0.8984285012642561
592,1,Elijah,0.32851119949007834
593,1,Sophia,0.5230033015211965
594,1,Liam,0.47335745334330714
595,1,Isabella,0.4398422524472011
596,1,Mia,0.07576341170913592
597,1,Emma,0.3772975774381109
598,1,William,0.785095272106367
599,1,Liam,0.6688324431840035
600,1,Sophia,0.5210434595187996
601,1,Amelia,0.785046799208329
602,1,Sophia,0.18291473735756036
603,1,Charlotte,0.2852788897887206
604,1,Oliver,0.42509879335648393
605,1,Sophia,0.6291024952724694
606,1,Charlotte,0.38474540350879405
607,1,Benjamin,0.8366043499142649
608,1,Ava,0.7406434183390515
609,1,Henry,0.43439712757660287
610,1,Noah,0.3304627958270333
611,1,Noah,0.5922835585708891
612,1,Elijah,0.7422472491881319
613,1,Olivia,0.6328875311218297
614,1,Amelia,0.5267547209858934
615,1,Olivia,0.0899321586470121
616,1,Benjamin,0.17292065796342004
617,1,Amelia,0.03113730415373661
618,1,Elijah,0.6208139396573622
619,1,William,0.375683407583689
620,1,Henry,0.5645760424065978
621,1,Elijah,0.40654001926978134
622,1,James,0.2859984465198264
623,1,James,0.815074823852499
624,1,Lucas,0.38175375887103913
625,1,Olivia,0.16061553902984893
626,1,Isabella,0.5865828912360328
627,1,Charlotte,0.14686761884510213
628,1,Olivia,0.8836481641090087
629,1,Olivia,0.9004619939263854
630,1,Sophia,0.6246750964011015
631,1,Emma,0.4314093549348649
632,1,Sophia,0.7120526440061159
633,1,Theodore,0.4307158550038551
634,1,Benjamin,0.5957062476752472
635,1,Charlotte,0.15445279829172542
636,1,Mia,0.5546575570886831
637,1,Harper,0.2712188142199111
638,1,Oliver,0.8777351992434165
639,1,Olivia,0.7567953574782924
640,1,Olivia,0.24304827473689783
641,1,Benjamin,0.6955766680576471
642,1,William,0.6008318705143886
643,1,Evelyn,0.3025780630963054
644,1,Oliver,0.39504429028894983
645,1,Noah,0.39600506037208616
646,1,Liam,0.7688125567596726
647,1,Evelyn,0.533407344203522
648,1,Isabella,0.9853237419944381
649,1,Elijah,0.8929548934925924
650,1,Ava,0.5448728708257627
651,1,Isabella,0.3366781692447103
652,1,Ava,0.9881968759193897
653,1,Henry,0.2175565167641772
654,1,Evelyn,0.03159364632738482
655,1,Theodore,0.9525174365719487
656,1,Henry,0.8006076513700057
657,1,Emma,0.4971208025449163
658,1,Amelia,0.622314894169159
659,1,Harper,0.39721441886660436
660,1,Henry,0.15571954134738475
661,1,Theodore,0.4730195068991685
662,1,Lucas,0.9726871215741455
663,1,Harper,0.9183706740529937
664,1,Charlotte,0.8188139226854192
665,1,Lucas,0.653059200493841
666,1,Elijah,0.4308605460884499
667,1,Benjamin,0.8031746842082981
668,1,Ava,0.43919259332634253
669,1,Benjamin,0.0749749846675819
670,1,Theodore,0.07932982441559089
671,1,Olivia,0.30571178115053754
672,1,Harper,0.27413113902337927
673,1,Amelia,0.622693754269024
674,1,Harper,0.46335768055349547
675,1,Henry,0.45999975419031014
676,1,Theodore,0.4369220953672929
677,1,James,0.949348607876331
678,1,Benjamin,0.6880136694065134
679,1,Evelyn,0.9393343462649293
680,1,Amelia,0.43795918656728505
681,1,Oliver,0.21533700535752465
682,1,Mia,0.2179338448830932
683,1,Evelyn,0.18371006284187297
684,1,Sophia,0.35805954477125523
685,1,Noah,0.19792856529053038
686,1,Amelia,0.8336574613918873
687,1,Ava,0.37241799397322917
688,1,Emma,0.1535922858088009
689,1,Emma,0.7699746931598495
690,1,Ava,0.6166206596985534
691,1,Oliver,0.2145468765095062
692,1,Noah,0.5608857053292071
693,1,Emma,0.026633082250946294
694,1,Isabella,0.46008488901283784
695,1,Sophia,0.6416616401756156
696,1,Sophia,0.6676512408326584
697,1,Emma,0.5650672102721216
698,1,Ava,0.0005614869947856427
699,1,Evelyn,0.12919402843774186
700,1,Noah,0.6193280223151183
701,1,Mia,0.8071764691801081
702,1,Mia,0.3720918871866016
703,1,Oliver,0.845148104721134
704,1,Henry,0.72202611616491
705,1,Henry,0.822683287618003
706,1,Lucas,0.38694698170626696
707,1,Elijah,0.9851849818309841
708,1,Oliver,0.7387385307278734
709,1,Benjamin,0.8107519757433118
710,1,Lucas,0.5652424506227194
711,1,William,0.2102188206972686
712,1,Henry,0.1559710969521234
713,1,Harper,0.7835138871633944
714,1,Mia,0.05169244222199543
715,1,James,0.4117216901323346
716,1,Noah,0.1357617585983324
717,1,James,0.37706444708778974
718,1,Ava,0.8139099841517207
719,1,Henry,0.7098075797323106
720,1,Lucas,0.4181234206595107
721,1,Theodore,0.09194623761399778
722,1,Mia,0.9926685350777666
723,1,Emma,0.1935497759374114
724,1,Harper,0.8280580521600259
725,1,Emma,0.6166525108990155
726,1,Henry,0.47401199226152
727,1,Liam,0.21777468080548268
728,1,Elijah,0.2954527252202762
729,1,Oliver,0.21245233787008677
730,1,Theodore,0.05486660201706728
731,1,Sophia,0.03405291762471796
732,1,Oliver,0.03257087290780136
733,1,William,0.8333230381542232
734,1,Oliver,0.16286868515531117
735,1,Theodore,0.43694306428034835
736,1,Mia,0.7573176384073567
737,1,James,0.30920015682589364
738,1,Lucas,0.11508706877619557
739,1,Amelia,0.9210206719457604
740,1,Noah,0.4379286967805056
741,1,Emma,0.7044338142072956
742,1,Mia,0.6647416910377871
743,1,Olivia,0.4550075611874552
744,1,James,0.295586307654472
745,1,James,0.6832377950856113
746,1,Amelia,0.39864572460423664
747,1,Mia,0.19657293603113324
748,1,Henry,0.5799809421349236
749,1,Evelyn,0.6682533795430045
750,1,James,0.09861222379981482
751,1,Amelia,0.9640104432078576
752,1,Sophia,0.958887178274284
753,1,Ava,0.7378653869018952
754,1,Benjamin,0.9135245467840376
755,1,Liam,0.5230849525937035
756,1,Noah,0.8472404861823641
757,1,Olivia,0.8768889560844116
758,1,Henry,0.7745963459847778
759,1,Sophia,0.13112494198957814
760,1,James,0.23142050204176334
761,1,James,0.3721210207129739
762,1,Ava,0.885557595405585
763,1,William,0.6776574911433288
764,1,Noah,0.5383083693710946
765,1,Liam,0.5311914545931896
766,1,Ava,0.529158550946794
767,1,Benjamin,0.3904840502923542
768,1,Mia,0.4745941632013274
769,1,William,0.3657404943070375
770,1,Evelyn,0.1576104420987421
771,1,Mia,0.14137194762768435
772,1,Evelyn,0.898849565002534
773,1,Liam,0.5740693914097149
774,1,William,0.07257720172560933
775,1,Amelia,0.09877938753650273
776,1,Mia,0.8033608966611681
777,1,Emma,0.6188235345881621
778,1,Mia,0.6065333496002754
779,1,William,0.034104354525784863
780,1,Elijah,0.35476059595255194
781,1,Noah,0.09699764949539746
782,1,Ava,0.7532598571803897
783,1,Sophia,0.4418742599399229
784,1,Ava,0.8955996198545407
785,1,Harper,0.18767291169301037
786,1,Elijah,0.2502973182569189
787,1,Liam,0.18431435557791365
788,1,Charlotte,0.39835967956619833
789,1,Oliver,0.07325450542565681
790,1,Mia,0.8125175379817564
791,1,Oliver,0.20374114941555066
792,1,Ava,0.9331302877054966
793,1,Isabella,0.4534133703476756
794,1,Theodore,0.7185760213239957
795,1,Oliver,0.4972717007974704
796,1,Evelyn,0.7817499245107921
797,1,James,0.022555166291729267
798,1,James,0.958379881626089
799,1,Evelyn,0.570193960048576
800,1,Amelia,0.86080196902092
801,1,William,0.7759484560645374
802,1,Ava,0.46141070844364807
803,1,Harper,0.7324630585069106
804,1,Elijah,0.320741428652045
805,1,Oliver,0.27168692387492677
806,1,Sophia,0.8271975954459694
807,1,Sophia,0.004743304121778147
808,1,Harper,0.9156264830735945
809,1,Isabella,0.895297278244101
810,1,Olivia,0.8106041065741364
811,1,Isabella,0.8602928852090481
812,1,Elijah,0.6014838543781126
813,1,Benjamin,0.5690690875194222
814,1,Henry,0.3605019291588527
815,1,Ava,0.20614534449870925
816,1,Theodore,0.38956430929149644
817,1,Mia,0.8125815178564714
818,1,Isabella,0.38851483071864035
819,1,Liam,0.7389087311511723
820,1,Oliver,0.337909077727112
821,1,Noah,0.6182736256535016
822,1,Evelyn,0.8729691596051827
823,1,Henry,0.36658313276881516
824,1,Harper,0.5907074856040156
825,1,Ava,0.9703429458724846
826,1,Henry,0.6702749355152329
827,1,Noah,0.9406883579487905
828,1,Henry,0.3854542887473823
829,1,Ava,0.8960877846088714
830,1,Sophia,0.3844567155555423
831,1,Charlotte,0.8092820601080595
832,1,Noah,0.34703786023125727
833,1,Henry,0.6971493965158568
834,1,Evelyn,0.7743329386007007
835,1,Emma,0.3836971720287482
836,1,Evelyn,0.008695461050297948
837,1,William,0.028469324258956652
838,1,Isabella,0.19989554709477408
839,1,Elijah,0.776479780232864
840,1,William,0.5639780732442772
841,1,Oliver,0.8310999056832573
842,1,Benjamin,0.40323922729966744
843,1,Oliver,0.1956245267633997
844,1,Olivia,0.2235934607233564
845,1,Sophia,0.015911200896886024
846,1,James,0.09669825818709876
847,1,Liam,0.8145890865563473
848,1,Isabella,0.7863145398167368
849,1,Benjamin,0.8281056198845667
850,1,Emma,0.4469866843460938
851,1,Theodore,0.08474495181373087
852,1,James,0.7522729855990395
853,1,Henry,0.05896883400439701
854,1,Liam,0.7483707750727722
855,1,Emma,0.9387438830161245
856,1,Elijah,0.2882126294531251
857,1,James,0.7900534354148973
858,1,James,0.5627296980297456
859,1,William,0.10013191616001416
860,1,James,0.6253213577157386
861,1,James,0.8212659986863049
862,1,Emma,0.42163550502680336
863,1,Charlotte,0.6206423889272733
864,1,Sophia,0.15410984836219832
865,1,James,0.9009292181603498
866,1,Emma,0.5346467548363667
867,1,Mia,0.5850192686860565
868,1,Isabella,0.6978283297768063
869,1,Charlotte,0.6358306851768161
870,1,Elijah,0.9089592559640791
871,1,Oliver,0.1284124948917328
872,1,Henry,0.2497367274956932
873,1,Harper,0.819147134092023
874,1,Olivia,0.15123603390154805
875,1,James,0.873593164986044
876,1,Isabella,0.7200405335571395
877,1,Henry,0.773641709867106
878,1,Noah,0.5606055365251125
879,1,Mia,0.031157482577890527
880,1,William,0.14367650268719734
881,1,Noah,0.3774188532599757
882,1,Henry,0.7511980913114058
883,1,Noah,0.31208258661167865
884,1,Henry,0.1151849736983217
885,1,William,0.8953781089833552
886,1,Lucas,0.48911087978225776
887,1,Theodore,0.742916894891548
888,1,William,0.5353269012462593
889,1,Olivia,0.9180051034905525
890,1,Elijah,0.9669039066459867
891,1,Charlotte,0.5221813884578744
892,1,Noah,0.1189706517851814
893,1,Elijah,0.06513888188715888
894,1,Amelia,0.047972410102699814
895,1,Oliver,0.818008287645308
896,1,Elijah,0.07233298382403097
897,1,William,0.20418688806056295
898,1,Amelia,0.05181977496914969
899,1,Amelia,0.4381329252964573
900,1,Ava,0.956254205477007
901,1,William,0.5259218460199049
902,1,Elijah,0.19837791041825925
903,1,Liam,0.4331064345257509
904,1,Emma,0.5071665277346558
905,1,William,0.363171465545701
906,1,Evelyn,0.8071729652478932
907,1,Harper,0.830087153980037
908,1,Liam,0.31711315294735276
909,1,Charlotte,0.47728749229692224
910,1,Henry,0.47888497404636965
911,1,Oliver,0.4782365453800973
912,1,Mia,0.5218072481080879
913,1,Amelia,0.009591398148820929
914,1,Mia,0.9040784470371084
915,1,Evelyn,0.00029650584952356507
916,1,Theodore,0.2878721017460705
917,1,William,0.44232889099905015
918,1,Olivia,0.495216323876126
919,1,Henry,0.23165343826464857
920,1,Benjamin,0.7725743077452305
921,1,Lucas,0.2673886276688604
922,1,Evelyn,0.08213327533066594
923,1,Theodore,0.2834559138668058
924,1,James,0.6811289669649979
925,1,Lucas,0.6094373602775598
926,1,Amelia,0.8436031277130496
927,1,Noah,0.11856682696935417
928,1,Mia,0.2584952355013812
929,1,Mia,0.008068313674300831
930,1,Elijah,0.39077563394057613
931,1,Liam,0.7746626036653984
932,1,Ava,0.7219205012328068
933,1,Isabella,0.5613841509243657
934,1,Theodore,0.22408534007723246
935,1,Isabella,0.12527992606269855
936,1,Elijah,0.5040158837284621
937,1,Mia,0.9027278018082378
938,1,William,0.8005137741645469
939,1,James,0.5067505030748016
940,1,Sophia,0.6618837984665622
941,1,Elijah,0.9707533464551947
942,1,Lucas,0.7202030986414217
943,1,Sophia,0.5533271752545548
944,1,Charlotte,0.6065319804497624
945,1,William,0.7528530908411288
946,1,Elijah,0.5843388258909534
947,1,Ava,0.31983353004491755
948,1,Noah,0.9637698368622098
949,1,Charlotte,0.5473295744783117
950,1,Isabella,0.1083726274822644
951,1,Theodore,0.5594234956820014
952,1,Emma,0.6283112769575371
953,1,Noah,0.013150447602699344
954,1,Noah,0.7069739711070119
955,1,Olivia,0.21377714230077494
956,1,Lucas,0.7017951294920648
957,1,Evelyn,0.525451486615722
958,1,Sophia,0.5529629445018578
959,1,Charlotte,0.2451545587134697
960,1,Ava,0.6791777301473869
961,1,Theodore,0.017207003389426045
962,1,Harper,0.06908527592810487
963,1,Lucas,0.3726048533084382
964,1,Amelia,0.8542461503636176
965,1,Liam,0.4679480442046312
966,1,Benjamin,0.47809135266717795
967,1,Elijah,0.5803435523932112
968,1,Evelyn,0.4777448815611952
969,1,Sophia,0.6177395746885405
970,1,Sophia,0.26924061213247796
971,1,Amelia,0.6755993640060735
972,1,Lucas,0.6080556787453519
973,1,Evelyn,0.4275761962600776
974,1,Sophia,0.4506571815319409
975,1,Elijah,0.47604311511003083
976,1,Elijah,0.1618425905470794
977,1,James,0.24058872734172354
978,1,Oliver,0.2668330823364826
979,1,Liam,0.6918632953966729
980,1,Noah,0.4080808800325235
981,1,Lucas,0.8761070080660602
982,1,Ava,0.5163273791613633
983,1,Liam,0.7011968591198199
984,1,Noah,0.20727831623945725
985,1,Ava,0.06662234885936391
986,1,Charlotte,0.40905681666165716
987,1,James,0.4206425790674596
988,1,Oliver,0.30274850764082617
989,1,Elijah,0.34225794195665515
990,1,Olivia,0.49828796314227863
991,1,Ava,0.36179291607464437
992,1,Benjamin,0.17086506750787067
993,1,Oliver,0.37249428262103534
994,1,Ava,0.4941540052640898
995,1,Emma,0.6950552792579187
996,1,Elijah,0.9020603592396126
997,1,Isabella,0.39451805196567924
998,1,Evelyn,0.5042253887525237
999,1,Ava,0.8624390917942779
1000,1,Oliver,0.7279209217703427
